Date,Name,Year,Letterboxd URI
2017-08-11,Seven Samurai,1954,https://boxd.it/2axi
2017-08-11,M,1931,https://boxd.it/29vq
2017-08-11,The Seventh Seal,1957,https://boxd.it/2ahO
2017-08-11,The Godfather,1972,https://boxd.it/2aNK
2017-08-11,GoodFellas,1990,https://boxd.it/29FA
2017-08-11,There Will Be Blood,2007,https://boxd.it/20Z2
2017-08-11,The 400 Blows,1959,https://boxd.it/2b1C
2017-08-11,The Elephant Man,1980,https://boxd.it/27LQ
2017-08-11,The Graduate,1967,https://boxd.it/18Im
2017-08-11,One Flew Over the Cuckoo's Nest,1975,https://boxd.it/2aeA
2017-08-11,Once Upon a Time in the West,1968,https://boxd.it/2az4
2017-08-11,12 Angry Men,1957,https://boxd.it/2auI
2017-08-11,Taxi Driver,1976,https://boxd.it/2b8y
2017-08-11,The Shining,1980,https://boxd.it/29Nu
2017-08-11,Chinatown,1974,https://boxd.it/29vU
2017-08-11,Apocalypse Now,1979,https://boxd.it/6ZS
2017-08-11,Sunset Boulevard,1950,https://boxd.it/2a20
2017-08-11,8½,1963,https://boxd.it/2aqm
2017-08-11,Mulholland Drive,2001,https://boxd.it/297o
2017-08-11,Jaws,1975,https://boxd.it/2a5e
2017-08-11,2001: A Space Odyssey,1968,https://boxd.it/2bf0
2017-08-11,Baby Driver,2017,https://boxd.it/bhF2
2017-08-11,Shaun of the Dead,2004,https://boxd.it/29J8
2017-08-11,Hot Fuzz,2007,https://boxd.it/2416
2017-08-11,Scott Pilgrim vs. the World,2010,https://boxd.it/1Aq6
2017-08-11,Eternal Sunshine of the Spotless Mind,2004,https://boxd.it/6YK
2017-08-11,Anomalisa,2015,https://boxd.it/97TE
2017-08-11,Adaptation.,2002,https://boxd.it/26mA
2017-08-11,Carrie,1976,https://boxd.it/20ZQ
2017-08-11,Army of Darkness,1992,https://boxd.it/29G4
2017-08-11,City of God,2002,https://boxd.it/2a2a
2017-08-11,Princess Mononoke,1997,https://boxd.it/2b4w
2017-08-11,Howl's Moving Castle,2004,https://boxd.it/23De
2017-08-11,The Wind Rises,2013,https://boxd.it/4JQS
2017-08-11,Kiki's Delivery Service,1989,https://boxd.it/1JAY
2017-08-11,Ponyo,2008,https://boxd.it/1S0A
2017-08-11,Nausicaä of the Valley of the Wind,1984,https://boxd.it/2bc6
2017-08-11,Castle in the Sky,1986,https://boxd.it/1W4G
2017-08-11,Porco Rosso,1992,https://boxd.it/1Tp2
2017-08-11,Your Name.,2016,https://boxd.it/cUqs
2017-08-11,Dear Zachary: A Letter to a Son About His Father,2008,https://boxd.it/1LW8
2017-08-11,City Lights,1931,https://boxd.it/29ki
2017-08-11,Modern Times,1936,https://boxd.it/25MC
2017-08-11,The Third Man,1949,https://boxd.it/294E
2017-08-11,F for Fake,1973,https://boxd.it/VxA
2017-08-11,The Pianist,2002,https://boxd.it/2aqc
2017-08-11,The Terminator,1984,https://boxd.it/2aQY
2017-08-11,Terminator 2: Judgment Day,1991,https://boxd.it/2aGY
2017-08-11,Dr. Strangelove or: How I Learned to Stop Worrying and Love the Bomb,1964,https://boxd.it/29eY
2017-08-11,Eyes Wide Shut,1999,https://boxd.it/2axs
2017-08-11,Lolita,1962,https://boxd.it/29Ag
2017-08-11,Spartacus,1960,https://boxd.it/29bq
2017-08-11,Grave of the Fireflies,1988,https://boxd.it/1RUM
2017-08-11,Aliens,1986,https://boxd.it/29PA
2017-08-11,Amélie,2001,https://boxd.it/2aUc
2017-08-11,Das Boot,1981,https://boxd.it/2av2
2017-08-11,Moonrise Kingdom,2012,https://boxd.it/2Wng
2017-08-11,The Life Aquatic with Steve Zissou,2004,https://boxd.it/2aqw
2017-08-11,Rushmore,1998,https://boxd.it/1TAO
2017-08-11,The Lobster,2015,https://boxd.it/7tnw
2017-08-11,Mad Max Beyond Thunderdome,1985,https://boxd.it/1YTm
2017-08-11,Mad Max 2,1981,https://boxd.it/1ZPg
2017-08-11,The Act of Killing,2012,https://boxd.it/44Cg
2017-08-11,Hearts of Darkness: A Filmmaker's Apocalypse,1991,https://boxd.it/24ai
2017-08-11,Z,1969,https://boxd.it/26pY
2017-08-11,Hellzapoppin',1941,https://boxd.it/1FD0
2017-08-11,WarGames,1983,https://boxd.it/29qU
2017-08-11,eXistenZ,1999,https://boxd.it/27Ni
2017-08-11,A History of Violence,2005,https://boxd.it/2bfa
2017-08-11,Videodrome,1983,https://boxd.it/29uC
2017-08-11,The Fly,1986,https://boxd.it/1YIe
2017-08-11,The Brood,1979,https://boxd.it/1ovS
2017-08-11,Upstream Color,2013,https://boxd.it/4Cwc
2017-08-11,Timecrimes,2007,https://boxd.it/1OGM
2017-08-11,Wizards,1977,https://boxd.it/1Kz8
2017-08-11,Phantom of the Paradise,1974,https://boxd.it/1s34
2017-08-11,When the Wind Blows,1986,https://boxd.it/1VdC
2017-08-11,Inside,2007,https://boxd.it/1QqG
2017-08-11,The Rabbi's Cat,2011,https://boxd.it/2A7g
2017-08-11,A Town Called Panic,2009,https://boxd.it/11ki
2017-08-11,Summer Wars,2009,https://boxd.it/1oDC
2017-08-11,Paprika,2006,https://boxd.it/23wW
2017-08-11,Waking Life,2001,https://boxd.it/1Zdc
2017-08-11,Perfect Blue,1997,https://boxd.it/1W7A
2017-08-11,Kubo and the Two Strings,2016,https://boxd.it/a4wE
2017-08-11,Zardoz,1974,https://boxd.it/23Fa
2017-08-11,Double Down,2005,https://boxd.it/7JOI
2017-08-11,Samurai Cop,1991,https://boxd.it/3Na
2017-08-11,Man on the Moon,1999,https://boxd.it/281k
2017-08-11,Ichi the Killer,2001,https://boxd.it/1Y1O
2017-08-11,Cold Souls,2009,https://boxd.it/1lIE
2017-08-11,Repo! The Genetic Opera,2008,https://boxd.it/1Ogu
2017-08-11,Entertainment,2015,https://boxd.it/7dZE
2017-08-11,From Beyond,1986,https://boxd.it/1NXi
2017-08-11,The Raid,2011,https://boxd.it/3hBy
2017-08-11,Office Space,1999,https://boxd.it/28Em
2017-08-11,Capote,2005,https://boxd.it/2atq
2017-08-11,Doubt,2008,https://boxd.it/1OfQ
2017-08-11,The Brave Little Toaster,1987,https://boxd.it/1ElO
2017-08-11,In the Company of Men,1997,https://boxd.it/1NMY
2017-08-11,Inside Llewyn Davis,2013,https://boxd.it/34Ro
2017-08-11,Zootopia,2016,https://boxd.it/84xS
2017-08-11,RoboCop,1987,https://boxd.it/22Wu
2017-08-11,Elephant,2003,https://boxd.it/287i
2017-08-11,The Virgin Suicides,1999,https://boxd.it/28JG
2017-08-11,Brazil,1985,https://boxd.it/2be2
2017-08-11,Breathless,1960,https://boxd.it/2aIK
2017-08-11,Ikiru,1952,https://boxd.it/251c
2017-08-11,Bicycle Thieves,1948,https://boxd.it/23hW
2017-08-11,Tokyo Story,1953,https://boxd.it/1HuY
2017-08-11,Chungking Express,1994,https://boxd.it/1UDa
2017-08-11,Cléo from 5 to 7,1962,https://boxd.it/2agm
2017-08-11,The Cranes Are Flying,1957,https://boxd.it/169Y
2017-08-11,Days of Heaven,1978,https://boxd.it/1JRg
2017-08-11,Stalker,1979,https://boxd.it/28PO
2017-08-11,Daisies,1966,https://boxd.it/LZk
2017-08-11,La Haine,1995,https://boxd.it/2as8
2017-08-11,Irreversible,2002,https://boxd.it/29as
2017-08-11,Wild at Heart,1990,https://boxd.it/2aii
2017-08-11,La Jetée,1962,https://boxd.it/29Sk
2017-08-11,Three Colors: Blue,1993,https://boxd.it/2b7K
2017-08-11,Last Year at Marienbad,1961,https://boxd.it/24Qe
2017-08-11,The Spirit of the Beehive,1973,https://boxd.it/24eY
2017-08-11,L'Eclisse,1962,https://boxd.it/1CoG
2017-08-11,The Passion of Joan of Arc,1928,https://boxd.it/29DO
2017-08-11,Repulsion,1965,https://boxd.it/1TKu
2017-08-11,"Rome, Open City",1945,https://boxd.it/2aD6
2017-08-11,Le Samouraï,1967,https://boxd.it/22ZI
2017-08-11,Oasis,2002,https://boxd.it/1sO0
2017-08-11,Simon of the Desert,1965,https://boxd.it/1aXe
2017-08-11,Woman in the Dunes,1964,https://boxd.it/1JNS
2017-08-19,Arrival,2016,https://boxd.it/aNGk
2017-08-19,The Nice Guys,2016,https://boxd.it/94Hg
2017-08-19,Black Swan,2010,https://boxd.it/Sw0
2017-08-19,Edge of Tomorrow,2014,https://boxd.it/4pD0
2017-08-19,Snowpiercer,2013,https://boxd.it/3Icg
2017-08-19,The Adventures of Tintin,2011,https://boxd.it/1Irc
2017-08-19,Fantastic Planet,1973,https://boxd.it/1KnQ
2017-08-19,The Girl Who Leapt Through Time,2006,https://boxd.it/1OPa
2017-08-19,My Life as a Zucchini,2016,https://boxd.it/dL2y
2017-08-19,The Boy and the Beast,2015,https://boxd.it/aaRe
2017-08-19,The Illusionist,2010,https://boxd.it/ZWY
2017-08-19,La La Land,2016,https://boxd.it/a5fa
2017-08-19,Birdman or (The Unexpected Virtue of Ignorance),2014,https://boxd.it/5RFA
2017-08-19,Annie Hall,1977,https://boxd.it/29M2
2017-08-19,Manhattan,1979,https://boxd.it/29Na
2017-08-19,Ferris Bueller's Day Off,1986,https://boxd.it/1YPY
2017-08-19,Frances Ha,2012,https://boxd.it/41Xg
2017-08-19,Frank,2014,https://boxd.it/5hII
2017-08-19,The Rocky Horror Picture Show,1975,https://boxd.it/1a3q
2017-08-19,Life of Brian,1979,https://boxd.it/2a4q
2017-08-19,Big Trouble in Little China,1986,https://boxd.it/21em
2017-08-19,This Is Spinal Tap,1984,https://boxd.it/1UOs
2017-08-19,Rosemary's Baby,1968,https://boxd.it/29zM
2017-08-19,The Battle of Algiers,1966,https://boxd.it/1IRY
2017-08-19,The Phantom Carriage,1921,https://boxd.it/l4s
2017-08-19,The Wicker Man,1973,https://boxd.it/1KnG
2017-08-19,Plan 9 from Outer Space,1957,https://boxd.it/1W50
2017-08-19,Ed Wood,1994,https://boxd.it/2adM
2017-08-19,Do the Right Thing,1989,https://boxd.it/29gA
2017-08-19,Come and See,1985,https://boxd.it/1w9q
2017-08-19,Moonlight,2016,https://boxd.it/d6bE
2017-08-19,The Bank Dick,1940,https://boxd.it/29iG
2017-08-19,Gone Girl,2014,https://boxd.it/6hQu
2017-08-19,Donnie Darko,2001,https://boxd.it/2b2A
2017-08-19,Split,2016,https://boxd.it/dgSy
2017-08-19,Jacob's Ladder,1990,https://boxd.it/270g
2017-08-19,Pi,1998,https://boxd.it/2ajq
2017-08-19,The Holy Mountain,1973,https://boxd.it/20mu
2017-08-19,El Topo,1970,https://boxd.it/1QYS
2017-08-19,The Exorcist,1973,https://boxd.it/1Yoo
2017-08-19,Theatre of Blood,1973,https://boxd.it/1psg
2017-08-19,Death Race 2000,1975,https://boxd.it/1QuI
2017-08-19,Naked Lunch,1991,https://boxd.it/26ow
2017-08-19,The Wrong Trousers,1993,https://boxd.it/2ack
2017-08-19,The Devil's Backbone,2001,https://boxd.it/28Li
2017-08-19,The Triplets of Belleville,2003,https://boxd.it/1Y6Y
2017-08-19,[REC],2007,https://boxd.it/20ma
2017-08-19,The Host,2006,https://boxd.it/28ZY
2017-08-19,Moon,2009,https://boxd.it/1IGQ
2017-08-19,The Skin I Live In,2011,https://boxd.it/99A
2017-08-19,Django Unchained,2012,https://boxd.it/2cCk
2017-08-19,Berberian Sound Studio,2012,https://boxd.it/3T30
2017-08-19,Killing Them Softly,2012,https://boxd.it/IQ
2017-08-19,Blue Ruin,2013,https://boxd.it/5H8G
2017-08-19,Her,2013,https://boxd.it/4O24
2017-08-19,Goodnight Mommy,2014,https://boxd.it/8Niy
2017-08-19,They Live,1988,https://boxd.it/20lm
2017-08-19,Escape from New York,1981,https://boxd.it/294k
2017-08-19,The Adventures of Ichabod and Mr. Toad,1949,https://boxd.it/1Q7E
2017-09-01,Train to Busan,2016,https://boxd.it/dSQU
2017-09-03,Things,1989,https://boxd.it/2SpC
2017-09-05,Manchester by the Sea,2016,https://boxd.it/b2L0
2017-09-05,Gummo,1997,https://boxd.it/1H0Y
2017-09-05,Pink Flamingos,1972,https://boxd.it/29NO
2017-09-11,Cry-Baby,1990,https://boxd.it/1XRa
2017-09-13,A Page of Madness,1926,https://boxd.it/3i2u
2017-09-15,Lady Bird,2017,https://boxd.it/dGNE
2017-09-16,Dead Poets Society,1989,https://boxd.it/2aSg
2017-09-16,Fritz the Cat,1972,https://boxd.it/1RCI
2017-09-17,Hard to Be a God,2013,https://boxd.it/3Ido
2017-09-20,The People Under the Stairs,1991,https://boxd.it/1QMC
2017-09-24,Good Bye Lenin!,2003,https://boxd.it/2ayA
2017-09-27,Final Flesh,2009,https://boxd.it/gRO
2017-10-01,The Producers,1967,https://boxd.it/1lMm
2017-10-02,Alice,1988,https://boxd.it/1G3C
2017-10-02,Vampyr,1932,https://boxd.it/29DY
2017-10-02,Dark Night of the Scarecrow,1981,https://boxd.it/1kgk
2017-10-02,Pastoral: To Die in the Country,1974,https://boxd.it/3xEI
2017-10-02,The Discreet Charm of the Bourgeoisie,1972,https://boxd.it/2440
2017-10-02,The Texas Chainsaw Massacre,2003,https://boxd.it/1YQs
2017-10-03,Captain Underpants: The First Epic Movie,2017,https://boxd.it/8312
2017-10-05,Memories,1995,https://boxd.it/Vz2
2017-10-05,Consuming Spirits,2012,https://boxd.it/4fEC
2017-10-07,Loving Vincent,2017,https://boxd.it/biIQ
2017-10-07,Lilya 4-ever,2002,https://boxd.it/1SyW
2017-10-07,A Ghost Story,2017,https://boxd.it/fb0K
2017-10-07,Waltz with Bashir,2008,https://boxd.it/1ZFA
2017-10-07,Mind Game,2004,https://boxd.it/1Bv2
2017-10-08,Cathy's Curse,1977,https://boxd.it/3C7O
2017-10-10,The Color of Pomegranates,1969,https://boxd.it/1u94
2017-10-10,Kung Pow: Enter the Fist,2002,https://boxd.it/1SQm
2017-10-10,Black Dynamite,2009,https://boxd.it/1wX6
2017-10-10,Belladonna of Sadness,1973,https://boxd.it/2q
2017-10-10,Redline,2009,https://boxd.it/2pQ0
2017-10-11,Microwave Massacre,1979,https://boxd.it/37n2
2017-10-11,Sleepaway Camp,1983,https://boxd.it/1PSY
2017-10-13,The Day of the Dolphin,1973,https://boxd.it/WPg
2017-10-13,Hobo with a Shotgun,2011,https://boxd.it/H5s
2017-10-16,The Jinx: The Life and Deaths of Robert Durst,2015,https://boxd.it/aqAe
2017-10-27,The Wrestler,2008,https://boxd.it/1So8
2017-10-28,Dead Set,2008,https://boxd.it/5ppu
2017-11-01,Cannibal! The Musical,1993,https://boxd.it/1QVE
2017-12-09,Baadasssss!,2003,https://boxd.it/1pYc
2017-12-09,Sweet Sweetback's Baadasssss Song,1971,https://boxd.it/22xa
2017-12-10,Christian Mingle,2014,https://boxd.it/9o8U
2017-12-11,Boogie Nights,1997,https://boxd.it/23um
2017-12-19,Gremlins,1984,https://boxd.it/29gg
2017-12-19,Black Christmas,1974,https://boxd.it/1Js6
2017-12-29,Céline and Julie Go Boating,1974,https://boxd.it/1sGA
2017-12-29,The King and the Mockingbird,1980,https://boxd.it/1At0
2017-12-29,Skhizein,2008,https://boxd.it/x4k
2018-02-13,Death by Hanging,1968,https://boxd.it/3nPm
2018-03-19,Close-Up,1990,https://boxd.it/1m9q
2018-03-19,Mishima: A Life in Four Chapters,1985,https://boxd.it/1sBA
2018-03-23,Sherman's March,1985,https://boxd.it/Zh2
2018-03-23,"Three Billboards Outside Ebbing, Missouri",2017,https://boxd.it/ceBS
2018-03-24,Trust,1990,https://boxd.it/18Co
2018-03-25,Man with a Movie Camera,1929,https://boxd.it/1u7s
2018-03-25,Isle of Dogs,2018,https://boxd.it/dZrW
2018-03-25,Unsane,2018,https://boxd.it/gKrS
2018-03-27,Brigsby Bear,2017,https://boxd.it/ebkS
2018-03-30,Son of the White Mare,1981,https://boxd.it/10f2
2018-03-30,Be My Cat: A Film for Anne,2015,https://boxd.it/aIwk
2018-03-30,Dark Water,2002,https://boxd.it/1Sik
2018-04-01,Phantom Thread,2017,https://boxd.it/e4uc
2018-04-05,Happiness,1998,https://boxd.it/1VEe
2018-04-13,Lars and the Real Girl,2007,https://boxd.it/21tG
2018-04-20,The Man Who Planted Trees,1987,https://boxd.it/FKS
2018-04-23,The Handmaiden,2016,https://boxd.it/948A
2018-04-25,The Cat Returns,2002,https://boxd.it/1Mne
2018-05-01,Batman Ninja,2018,https://boxd.it/hwle
2018-05-01,Jin-Roh: The Wolf Brigade,1999,https://boxd.it/29wS
2018-05-01,Cat Soup,2001,https://boxd.it/1wrk
2018-05-07,Noriko's Dinner Table,2005,https://boxd.it/XTe
2018-05-07,The Toxic Avenger,1984,https://boxd.it/1MAi
2018-05-07,Tromeo & Juliet,1996,https://boxd.it/1Kx2
2018-05-07,Stop! Or My Mom Will Shoot,1992,https://boxd.it/1XDs
2018-05-07,Tetsuo: The Iron Man,1989,https://boxd.it/ZoM
2018-05-08,Dirty Computer,2018,https://boxd.it/iLhe
2018-05-08,Dirty Harry,1971,https://boxd.it/299E
2018-05-14,Detachment,2011,https://boxd.it/2BiY
2018-05-14,Society,1989,https://boxd.it/1ARc
2018-05-15,The Social Network,2010,https://boxd.it/17ue
2018-05-15,Barry Lyndon,1975,https://boxd.it/25A2
2018-05-16,Zaat,1971,https://boxd.it/1jOK
2018-05-26,BlacKkKlansman,2018,https://boxd.it/hxL8
2018-06-02,Gun Woman,2014,https://boxd.it/7Ex8
2018-06-02,November,2017,https://boxd.it/fxu8
2018-06-02,Santa Sangre,1989,https://boxd.it/1FrI
2018-06-02,Upgrade,2018,https://boxd.it/i4gW
2018-06-04,964 Pinocchio,1991,https://boxd.it/EhA
2018-06-04,The Day of the Beast,1995,https://boxd.it/1Vyg
2018-06-04,Cyber City Oedo 808,1990,https://boxd.it/3mim
2018-06-04,Golem,1980,https://boxd.it/3EiY
2018-06-05,The Wailing,2016,https://boxd.it/9fLy
2018-06-05,Serial Experiments Lain,1998,https://boxd.it/hYQE
2018-06-06,The House of the Devil,2009,https://boxd.it/1uIe
2018-06-10,Won't You Be My Neighbor?,2018,https://boxd.it/hDPU
2018-06-16,Let the Right One In,2008,https://boxd.it/1Qr0
2018-06-17,My Dinner with Andre,1981,https://boxd.it/1vLe
2018-06-17,Memories of Murder,2003,https://boxd.it/1TSo
2018-06-30,Forbidden Zone,1982,https://boxd.it/1KLy
2018-06-30,Creepshow,1982,https://boxd.it/1KqU
2018-06-30,Henry: Portrait of a Serial Killer,1986,https://boxd.it/1VCM
2018-07-11,Reality,2014,https://boxd.it/5txC
2018-07-28,Occult,2009,https://boxd.it/3VFU
2018-07-28,The Ninth Configuration,1980,https://boxd.it/1G4q
2018-09-23,Onibaba,1964,https://boxd.it/252a
2018-09-23,Suing The Devil,2011,https://boxd.it/2Rkw
2018-10-01,Ghost Soup,1992,https://boxd.it/6bdw
2018-10-03,Beyond the Black Rainbow,2010,https://boxd.it/EzY
2018-11-25,If Beale Street Could Talk,2018,https://boxd.it/gGhu
2018-12-04,Moon Man,2012,https://boxd.it/4nCk
2019-02-24,The Scent of Green Papaya,1993,https://boxd.it/1EWq
2019-06-11,The Act of Seeing with One's Own Eyes,1972,https://boxd.it/48LQ
2019-06-11,Chernobyl,2019,https://boxd.it/mkbG
2019-06-17,Song of the Sea,2014,https://boxd.it/3Ic6
2019-06-24,Velvet Goldmine,1998,https://boxd.it/2878
2019-06-26,Network,1976,https://boxd.it/1VqG
2019-06-27,Angel's Egg,1985,https://boxd.it/1LeA
2019-06-28,Shoplifters,2018,https://boxd.it/ifY6
2019-07-05,Sleep Has Her House,2017,https://boxd.it/fljC
2019-07-05,Basket Case,1982,https://boxd.it/1qV4
2019-07-06,Vampire's Kiss,1988,https://boxd.it/21aY
2019-07-07,The Signal,2007,https://boxd.it/1QWi
2019-07-08,The Face of Another,1966,https://boxd.it/1nso
2019-07-09,The Tree of Life,2011,https://boxd.it/1Zu8
2019-07-22,Time Masters,1982,https://boxd.it/1Atu
2019-07-24,Hard Eight,1996,https://boxd.it/20DU
2019-08-19,Hunt for the Wilderpeople,2016,https://boxd.it/cTgG
2019-08-20,Demons,1971,https://boxd.it/3yiy
2019-08-22,A Brighter Summer Day,1991,https://boxd.it/1Luy
2019-08-24,Slither,2006,https://boxd.it/1Zks
2019-08-27,Saint☆Young Men,2013,https://boxd.it/5ByI
2019-08-27,I Want to Eat Your Pancreas,2018,https://boxd.it/ie6C
2019-08-27,A Silent Voice,2016,https://boxd.it/d99c
2019-08-29,Chimes at Midnight,1965,https://boxd.it/299k
2019-09-05,Metropolis,2001,https://boxd.it/1YfQ
2019-09-07,Ma,2019,https://boxd.it/i8Wi
2019-09-07,Operation Avalanche,2016,https://boxd.it/d5ei
2019-09-07,The Housemaid,1960,https://boxd.it/WJs
2019-09-10,Jojo Rabbit,2019,https://boxd.it/iEBG
2019-09-11,Excision,2012,https://boxd.it/2XMG
2019-09-13,Eighth Grade,2018,https://boxd.it/hDMG
2019-09-14,Parasite,2019,https://boxd.it/hTha
2019-09-14,Okja,2017,https://boxd.it/dvXe
2019-09-24,The Beyond,1981,https://boxd.it/1FtY
2019-09-24,Gremlins 2: The New Batch,1990,https://boxd.it/29g6
2019-09-24,Ad Astra,2019,https://boxd.it/ePzI
2019-09-24,Psychomania,1973,https://boxd.it/IFG
2019-09-27,Pink Floyd: The Wall,1982,https://boxd.it/1Sxk
2019-09-28,Marwencol,2010,https://boxd.it/A2c
2019-09-28,Climax,2018,https://boxd.it/ikvo
2019-10-06,One Hour Photo,2002,https://boxd.it/1YT2
2019-10-15,Q,1982,https://boxd.it/1r7a
2019-10-15,WNUF Halloween Special,2013,https://boxd.it/6ili
2019-11-02,First Reformed,2017,https://boxd.it/go9C
2019-11-02,In the Mood for Love,2000,https://boxd.it/29tE
2019-11-05,"Night Is Short, Walk on Girl",2017,https://boxd.it/ffwA
2019-11-07,Twenty Years Later,1984,https://boxd.it/33Oo
2019-11-18,Airplane!,1980,https://boxd.it/29yu
2019-11-24,Wicked City,1987,https://boxd.it/1BSA
2019-11-26,The Beach Bum,2019,https://boxd.it/fH4O
2019-12-11,Marriage Story,2019,https://boxd.it/hJAw
2019-12-11,When They See Us,2019,https://boxd.it/kbJU
2019-12-19,The Tragedy of Man,2011,https://boxd.it/3SeQ
2019-12-22,The Farewell,2019,https://boxd.it/kIky
2019-12-23,Millennium Actress,2001,https://boxd.it/1fK0
2019-12-23,Paranoia Agent,2004,https://boxd.it/lPy0
2019-12-23,Tokyo Godfathers,2003,https://boxd.it/1Qg2
2019-12-29,Portrait of a Lady on Fire,2019,https://boxd.it/jkPq
2019-12-29,Little Women,2019,https://boxd.it/aSVk
2019-12-29,For Sama,2019,https://boxd.it/l9wQ
2020-01-08,Daddy Longlegs,2009,https://boxd.it/kNQ
2020-01-12,Heaven Knows What,2014,https://boxd.it/8P1a
2020-01-14,Mary and Max,2009,https://boxd.it/1y2m
2020-01-14,Fish Story,2009,https://boxd.it/16Z6
2020-01-16,Son of Saul,2015,https://boxd.it/b6r4
2020-01-17,The Piano Teacher,2001,https://boxd.it/2886
2020-01-18,Midori,1992,https://boxd.it/2jvq
2020-01-19,Love Exposure,2008,https://boxd.it/1pDe
2020-01-21,Mister America,2019,https://boxd.it/mDiQ
2020-01-27,The King of Comedy,1982,https://boxd.it/2aJS
2020-03-07,Angels in America,2003,https://boxd.it/1yug
2020-03-10,Eve's Bayou,1997,https://boxd.it/QdU
2020-04-03,Amy,2015,https://boxd.it/aSNU
2020-04-03,American Animals,2018,https://boxd.it/hE4K
2020-04-03,Antiporno,2016,https://boxd.it/eDjy
2020-04-03,Strange Circus,2005,https://boxd.it/1Vg2
2020-04-03,The Last Black Man in San Francisco,2019,https://boxd.it/iWAw
2020-04-03,The Umbrellas of Cherbourg,1964,https://boxd.it/22fK
2020-04-03,Honey Boy,2019,https://boxd.it/ixvm
2020-04-03,The Favourite,2018,https://boxd.it/d2hI
2020-04-03,Sonatine,1993,https://boxd.it/20TI
2020-04-03,Lost in Translation,2003,https://boxd.it/2b0E
2020-04-03,The Platform,2019,https://boxd.it/mUm6
2020-04-03,mother!,2017,https://boxd.it/dgRU
2020-04-03,Bad Lieutenant,1992,https://boxd.it/1Src
2020-04-03,"Aguirre, the Wrath of God",1972,https://boxd.it/27Fe
2020-04-03,Greed,1924,https://boxd.it/28Pa
2020-04-03,Ocean's Eleven,2001,https://boxd.it/2aZm
2020-04-03,Make Way for Tomorrow,1937,https://boxd.it/10hC
2020-04-11,Leaving Las Vegas,1995,https://boxd.it/2amE
2020-04-17,Harlan County U.S.A.,1976,https://boxd.it/1fJw
2020-04-26,The Blackcoat's Daughter,2015,https://boxd.it/b2Km
2020-04-27,Dolemite,1975,https://boxd.it/1Fxw
2020-04-27,Quigley,2003,https://boxd.it/2mxu
2020-05-07,Blood Simple,1984,https://boxd.it/1U16
2020-05-07,Raising Arizona,1987,https://boxd.it/2avQ
2020-05-07,Miller's Crossing,1990,https://boxd.it/2avG
2020-05-08,The Hudsucker Proxy,1994,https://boxd.it/1SJA
2020-05-08,Fargo,1996,https://boxd.it/2aHM
2020-05-08,"O Brother, Where Art Thou?",2000,https://boxd.it/2b3I
2020-05-08,The Man Who Wasn't There,2001,https://boxd.it/1Vqc
2020-05-08,A Serious Man,2009,https://boxd.it/1RFW
2020-05-08,True Grit,2010,https://boxd.it/Sog
2020-05-08,"Hail, Caesar!",2016,https://boxd.it/881G
2020-05-08,The Ballad of Buster Scruggs,2018,https://boxd.it/jB2q
2020-05-08,Friday the 13th,1980,https://boxd.it/24fs
2020-05-08,Halloween,1978,https://boxd.it/2wRu
2020-05-08,A Nightmare on Elm Street,1984,https://boxd.it/2aw0
2020-05-16,Murder Death Koreatown,2020,https://boxd.it/paNG
2020-05-21,Still Walking,2008,https://boxd.it/1wvm
2020-06-07,The Emperor's Naked Army Marches On,1987,https://boxd.it/AeC
2020-06-24,The Wolf House,2018,https://boxd.it/i1vE
2020-07-05,UHF,1989,https://boxd.it/1SFI
2020-07-07,The Dirties,2013,https://boxd.it/4ZGa
2020-07-07,Man Bites Dog,1992,https://boxd.it/1X7Q
2020-07-07,One Cut of the Dead,2017,https://boxd.it/iAFu
2020-07-07,Lake Mungo,2008,https://boxd.it/1rWM
2020-07-07,The Killing of a Sacred Deer,2017,https://boxd.it/dZ5G
2020-07-12,"I, Tonya",2017,https://boxd.it/dzR0
2020-07-18,Lenny,1974,https://boxd.it/1sym
2020-08-07,Sympathy for Lady Vengeance,2005,https://boxd.it/248G
2020-08-07,The Void,2016,https://boxd.it/d93S
2020-08-07,Tigers Are Not Afraid,2017,https://boxd.it/bIww
2020-08-09,Host,2020,https://boxd.it/r5O4
2020-08-09,Ratcatcher,1999,https://boxd.it/1mSg
2020-08-15,Brain Damage,1988,https://boxd.it/1qUU
2020-08-16,I See You,2019,https://boxd.it/j2CS
2020-08-17,Before the Devil Knows You're Dead,2007,https://boxd.it/20Jy
2020-08-28,Ran,1985,https://boxd.it/1Tlu
2020-09-06,Three Identical Strangers,2018,https://boxd.it/hDNO
2020-09-09,I'm Thinking of Ending Things,2020,https://boxd.it/i4IQ
2020-09-12,Sneakers,1992,https://boxd.it/26VU
2020-09-14,Trumbo,2015,https://boxd.it/9gG0
2020-09-18,Feels Good Man,2020,https://boxd.it/oigS
2020-09-19,Nomadland,2020,https://boxd.it/lnRy
2020-09-20,Shoah,1985,https://boxd.it/XSK
2020-09-23,Diabolique,1955,https://boxd.it/29we
2020-09-24,The Death Lullaby,1985,https://boxd.it/6jS8
2020-09-27,Manhunter,1986,https://boxd.it/1TOw
2020-10-03,Possessor,2020,https://boxd.it/fsJW
2020-10-12,Ghost World,2001,https://boxd.it/28Dy
2020-10-15,Theory of Obscurity: A Film About the Residents,2015,https://boxd.it/axoY
2020-10-23,Borat Subsequent Moviefilm,2020,https://boxd.it/rNS0
2020-10-30,The Comedy,2012,https://boxd.it/2XNO
2020-11-08,Wings,1966,https://boxd.it/EDw
2020-11-10,Fatty Drives the Bus,1999,https://boxd.it/4zsm
2020-11-16,Ritual,2000,https://boxd.it/14z6
2020-11-21,"Sick: The Life and Death of Bob Flanagan, Supermasochist",1997,https://boxd.it/1cck
2020-12-01,Audition,1999,https://boxd.it/1UHm
2020-12-01,"Synecdoche, New York",2008,https://boxd.it/23zw
